{
  "project_info": {
    "project_number": "152142986577",
    "firebase_url": "https://ansan-84003.firebaseio.com",
    "project_id": "ansan-84003",
    "storage_bucket": "ansan-84003.appspot.com"
  },
  "client": [
    {
      "client_info": {
        "mobilesdk_app_id": "1:152142986577:android:7ed57932ff0c6955d22770",
        "android_client_info": {
          "package_name": "com.test.gibook"
        }
      },
      "oauth_client": [
        {
          "client_id": "152142986577-mm8uj3vj4l9mvi4gplea9hk87sqah2gl.apps.googleusercontent.com",
          "client_type": 3
        }
      ],
      "api_key": [
        {
          "current_key": "AIzaSyDkd5BsXrFNwMZQYImbry1kPb9rQzHwah8"
        }
      ],
      "services": {
        "appinvite_service": {
          "other_platform_oauth_client": [
            {
              "client_id": "152142986577-mm8uj3vj4l9mvi4gplea9hk87sqah2gl.apps.googleusercontent.com",
              "client_type": 3
            }
          ]
        }
      }
    }
  ],
  "configuration_version": "1"
}